Alias,Type,Color,p1_lat,p1_lng,p2_lat,p2_lng
Alice Terry Elementary School,rect,808000,39.62869699,-105.0433731,39.6435693,-105.0188255
All Souls School,rect,808000,39.61811917,-104.9950504,39.6353073,-104.971447
Ames Elementary School,rect,808000,39.57592407,-104.9485302,39.59318881,-104.9228668
Antelope Ridge Elementary School,rect,808000,39.60972188,-104.7376442,39.62638323,-104.7142124
