Alias,Type,Color,p1_lat,p1_lng,p2_lat,p2_lng,p3_lat,p3_lng,p4_lat,p4_lng,p5_lat,p5_lng,p6_lat,p6_lng,p7_lat,p7_lng,p8_lat,p8_lng,p9_lat,p9_lng,p10_lat,p10_lng
Alice Terry Elementary School,poly,FF80C0,39.64125604,-105.0462914,39.64693991,-105.036335,39.64522158,-105.0263786,39.6416526,-105.0200272,39.63715807,-105.0174522,39.62763928,-105.0203705,39.62525937,-105.0359917,39.63094456,-105.0452614,39.63094456,-105.0452614,,
All Souls School,poly,FF80C0,39.63200222,-104.9947929,39.6349768,-104.986639,39.63471239,-104.9777126,39.63233273,-104.9729061,39.62724263,-104.9687862,39.62089601,-104.9705029,39.61759024,-104.9773693,39.61620177,-104.9868965,39.62195382,-104.9941921,39.62585436,-104.9946213
Ames Elementary School,poly,FF80C0,39.59094001,-104.9446678,39.59398249,-104.9366856,39.5921967,-104.9294758,39.58836041,-104.9242401,39.58260557,-104.9239826,39.57638717,-104.9298191,39.57711488,-104.9436378,39.58326707,-104.9477577,39.5877651,-104.9468994,39.5877651,-104.9468994
Antelope Ridge Elementary School,poly,FF80C0,39.6241355,-104.7346401,39.62777149,-104.7243404,39.62453216,-104.716959,39.61911091,-104.7142982,39.61197008,-104.7149849,39.60886226,-104.7256279,39.61157334,-104.7341251,39.61646624,-104.7388458,39.62109435,-104.7357559,,
